model,valid,temperature_2m,wind_speed_10m,wind_gusts_10m,precipitation
ARPEGE,2026-10-08 00:00:00,18.8,3.61,5.8,0.0
ARPEGE,2026-10-08 01:00:00,19.2,3.83,6.7,0.0
ARPEGE,2026-10-08 02:00:00,19.5,3.88,7.1,0.0
ARPEGE,2026-10-08 03:00:00,20.5,3.86,7.1,0.0
ARPEGE,2026-10-08 04:00:00,20.8,3.8,7.3,0.0
ARPEGE,2026-10-08 05:00:00,20.7,3.92,7.6,0.0
ARPEGE,2026-10-08 06:00:00,20.4,3.52,7.6,0.0
ARPEGE,2026-10-08 07:00:00,20.3,3.2,6.8,0.0
ARPEGE,2026-10-08 08:00:00,21.2,3.93,7.6,0.0
ARPEGE,2026-10-08 09:00:00,21.7,4.27,8.8,0.0
ARPEGE,2026-10-08 10:00:00,21.8,4.54,9.4,0.1
ARPEGE,2026-10-08 11:00:00,21.4,4.54,9.5,0.2
ARPEGE,2026-10-08 12:00:00,20.8,4.64,9.7,0.4
ARPEGE,2026-10-08 13:00:00,20.7,4.85,10.4,0.7
ARPEGE,2026-10-08 14:00:00,20.0,4.43,9.9,0.6
ARPEGE,2026-10-08 15:00:00,19.7,4.71,9.5,0.9
ARPEGE,2026-10-08 16:00:00,20.0,4.13,9.6,1.9
ARPEGE,2026-10-08 17:00:00,20.0,4.3,8.5,2.7
ARPEGE,2026-10-08 18:00:00,20.2,4.0,8.5,1.2
ARPEGE,2026-10-08 19:00:00,20.4,4.01,8.2,0.8
ARPEGE,2026-10-08 20:00:00,20.5,3.71,7.8,1.0
ARPEGE,2026-10-08 21:00:00,20.6,3.9,7.7,1.8
ARPEGE,2026-10-08 22:00:00,20.6,4.16,8.3,4.9
ARPEGE,2026-10-08 23:00:00,20.3,4.0,8.3,4.5
DMI,2026-10-08 00:00:00,20.3,3.2,5.0,0.0
DMI,2026-10-08 01:00:00,20.8,3.9,6.4,0.0
DMI,2026-10-08 02:00:00,21.0,3.0,6.9,1.6
DMI,2026-10-08 03:00:00,19.7,3.6,7.0,1.3
DMI,2026-10-08 04:00:00,19.6,3.4,7.2,1.9
DMI,2026-10-08 05:00:00,19.6,4.2,6.9,0.0
DMI,2026-10-08 06:00:00,20.0,3.9,7.5,0.0
DMI,2026-10-08 07:00:00,20.2,3.9,7.0,2.3
DMI,2026-10-08 08:00:00,18.9,3.6,6.8,0.4
DMI,2026-10-08 09:00:00,19.4,4.3,7.7,4.0
DMI,2026-10-08 10:00:00,19.0,4.3,8.5,0.2
DMI,2026-10-08 11:00:00,19.2,3.5,7.7,0.3
DMI,2026-10-08 12:00:00,19.0,3.9,8.1,0.2
DMI,2026-10-08 13:00:00,19.2,4.0,7.5,0.0
DMI,2026-10-08 14:00:00,19.4,3.5,7.3,0.0
DMI,2026-10-08 15:00:00,19.5,3.2,6.3,0.0
DMI,2026-10-08 16:00:00,19.7,3.3,6.5,0.0
DMI,2026-10-08 17:00:00,19.9,4.0,7.5,0.1
DMI,2026-10-08 18:00:00,19.9,3.9,7.5,0.0
DMI,2026-10-08 19:00:00,20.2,4.5,8.3,0.0
DMI,2026-10-08 20:00:00,20.3,4.7,8.5,0.0
DMI,2026-10-08 21:00:00,20.2,5.1,9.7,4.6
DMI,2026-10-08 22:00:00,20.3,6.3,11.3,8.4
DMI,2026-10-08 23:00:00,20.3,5.3,12.0,18.8
ECMWF_IFS025,2026-10-08 00:00:00,16.5,0.71,2.5,0.0
ECMWF_IFS025,2026-10-08 01:00:00,16.6,0.8,2.6,0.0
ECMWF_IFS025,2026-10-08 02:00:00,16.7,0.9,2.9,0.9
ECMWF_IFS025,2026-10-08 03:00:00,16.7,0.91,3.4,0.9
ECMWF_IFS025,2026-10-08 04:00:00,16.7,0.91,3.9,0.9
ECMWF_IFS025,2026-10-08 05:00:00,16.8,0.92,4.4,2.1
ECMWF_IFS025,2026-10-08 06:00:00,17.0,1.02,4.6,2.1
ECMWF_IFS025,2026-10-08 07:00:00,17.3,1.14,4.6,2.1
ECMWF_IFS025,2026-10-08 08:00:00,17.5,1.26,4.8,3.4
ECMWF_IFS025,2026-10-08 09:00:00,17.6,1.34,5.5,3.4
ECMWF_IFS025,2026-10-08 10:00:00,17.6,1.5,6.3,3.4
ECMWF_IFS025,2026-10-08 11:00:00,17.6,1.63,6.9,4.1
ECMWF_IFS025,2026-10-08 12:00:00,17.8,1.63,7.1,4.1
ECMWF_IFS025,2026-10-08 13:00:00,18.0,1.5,7.0,4.1
ECMWF_IFS025,2026-10-08 14:00:00,18.0,1.44,6.8,5.5
ECMWF_IFS025,2026-10-08 15:00:00,17.9,1.39,6.5,5.5
ECMWF_IFS025,2026-10-08 16:00:00,17.7,1.39,6.1,5.5
ECMWF_IFS025,2026-10-08 17:00:00,17.5,1.43,5.9,5.0
ECMWF_IFS025,2026-10-08 18:00:00,17.3,1.46,6.1,5.0
ECMWF_IFS025,2026-10-08 19:00:00,17.1,1.5,6.6,5.0
ECMWF_IFS025,2026-10-08 20:00:00,17.0,1.6,6.9,9.4
ECMWF_IFS025,2026-10-08 21:00:00,17.0,1.51,6.9,9.4
ECMWF_IFS025,2026-10-08 22:00:00,17.0,1.32,6.9,9.4
ECMWF_IFS025,2026-10-08 23:00:00,17.1,1.22,7.0,8.6
ECMWF_IFS,2026-10-08 00:00:00,17.6,1.46,5.4,0.0
ECMWF_IFS,2026-10-08 01:00:00,17.7,1.83,5.9,0.0
ECMWF_IFS,2026-10-08 02:00:00,18.2,2.04,6.6,0.3
ECMWF_IFS,2026-10-08 03:00:00,17.7,2.42,7.0,0.7
ECMWF_IFS,2026-10-08 04:00:00,17.1,2.21,7.1,0.5
ECMWF_IFS,2026-10-08 05:00:00,17.2,2.56,8.4,0.3
ECMWF_IFS,2026-10-08 06:00:00,17.7,3.01,8.6,4.4
ECMWF_IFS,2026-10-08 07:00:00,17.2,3.18,9.3,5.1
ECMWF_IFS,2026-10-08 08:00:00,17.4,2.91,9.5,2.6
ECMWF_IFS,2026-10-08 09:00:00,18.1,2.97,9.5,1.1
ECMWF_IFS,2026-10-08 10:00:00,18.2,3.36,9.7,6.0
ECMWF_IFS,2026-10-08 11:00:00,18.1,3.46,10.2,5.7
ECMWF_IFS,2026-10-08 12:00:00,18.6,3.46,10.5,4.7
ECMWF_IFS,2026-10-08 13:00:00,19.0,3.51,9.9,8.0
ECMWF_IFS,2026-10-08 14:00:00,18.8,3.5,10.2,6.3
ECMWF_IFS,2026-10-08 15:00:00,18.7,3.1,9.8,2.8
ECMWF_IFS,2026-10-08 16:00:00,18.7,2.83,9.1,0.5
ECMWF_IFS,2026-10-08 17:00:00,18.6,2.77,8.1,0.7
ECMWF_IFS,2026-10-08 18:00:00,18.3,2.81,8.2,1.9
ECMWF_IFS,2026-10-08 19:00:00,17.9,2.47,8.2,1.8
ECMWF_IFS,2026-10-08 20:00:00,17.8,2.57,7.5,3.4
ECMWF_IFS,2026-10-08 21:00:00,17.4,2.77,7.6,7.1
ECMWF_IFS,2026-10-08 22:00:00,17.7,3.05,8.5,5.7
ECMWF_IFS,2026-10-08 23:00:00,17.7,3.01,10.5,4.0
GFS,2026-10-08 00:00:00,17.1,2.57,2.0,0.0
GFS,2026-10-08 01:00:00,17.0,2.85,2.2,0.0
GFS,2026-10-08 02:00:00,17.4,2.88,2.6,0.0
GFS,2026-10-08 03:00:00,17.8,2.85,2.7,0.1
GFS,2026-10-08 04:00:00,18.8,2.47,2.6,0.1
GFS,2026-10-08 05:00:00,19.2,2.53,2.8,0.1
GFS,2026-10-08 06:00:00,19.1,2.47,2.7,0.1
GFS,2026-10-08 07:00:00,18.7,2.45,2.6,0.1
GFS,2026-10-08 08:00:00,18.9,2.33,2.4,0.2
GFS,2026-10-08 09:00:00,18.6,2.33,2.4,0.4
GFS,2026-10-08 10:00:00,18.7,2.2,2.2,0.5
GFS,2026-10-08 11:00:00,18.4,2.41,2.1,0.4
GFS,2026-10-08 12:00:00,18.7,2.6,2.3,0.5
GFS,2026-10-08 13:00:00,19.0,2.7,2.5,0.4
GFS,2026-10-08 14:00:00,19.1,3.01,2.7,0.1
GFS,2026-10-08 15:00:00,19.6,2.81,2.8,0.2
GFS,2026-10-08 16:00:00,19.3,2.93,2.6,0.6
GFS,2026-10-08 17:00:00,19.4,2.92,3.0,1.2
GFS,2026-10-08 18:00:00,18.5,3.57,3.4,1.1
GFS,2026-10-08 19:00:00,18.2,3.31,4.0,0.9
GFS,2026-10-08 20:00:00,17.5,2.86,3.3,1.5
GFS,2026-10-08 21:00:00,18.0,3.32,3.1,2.2
GFS,2026-10-08 22:00:00,18.7,2.53,3.1,1.7
GFS,2026-10-08 23:00:00,18.9,2.45,2.6,1.1
ICON_EU,2026-10-08 00:00:00,20.2,1.91,5.0,0.0
ICON_EU,2026-10-08 01:00:00,20.1,2.0,5.4,0.0
ICON_EU,2026-10-08 02:00:00,20.0,2.32,5.7,0.0
ICON_EU,2026-10-08 03:00:00,20.4,2.52,6.3,0.0
ICON_EU,2026-10-08 04:00:00,20.2,2.3,6.2,0.0
ICON_EU,2026-10-08 05:00:00,20.3,2.51,6.9,0.0
ICON_EU,2026-10-08 06:00:00,20.5,3.1,8.1,0.0
ICON_EU,2026-10-08 07:00:00,20.6,2.86,8.7,0.1
ICON_EU,2026-10-08 08:00:00,20.6,2.82,8.0,0.1
ICON_EU,2026-10-08 09:00:00,20.7,2.92,7.5,0.1
ICON_EU,2026-10-08 10:00:00,20.9,3.12,8.2,0.2
ICON_EU,2026-10-08 11:00:00,20.5,3.09,8.9,0.2
ICON_EU,2026-10-08 12:00:00,20.3,3.66,10.2,0.2
ICON_EU,2026-10-08 13:00:00,20.4,3.64,10.4,0.3
ICON_EU,2026-10-08 14:00:00,20.1,3.44,9.8,0.8
ICON_EU,2026-10-08 15:00:00,20.0,2.96,9.5,1.7
ICON_EU,2026-10-08 16:00:00,19.9,2.66,8.7,1.9
ICON_EU,2026-10-08 17:00:00,20.1,3.22,9.5,3.4
ICON_EU,2026-10-08 18:00:00,20.3,3.54,10.8,3.7
ICON_EU,2026-10-08 19:00:00,20.5,3.7,10.9,4.4
ICON_EU,2026-10-08 20:00:00,20.8,3.72,11.5,6.7
ICON_EU,2026-10-08 21:00:00,20.8,3.45,11.9,7.3
ICON_EU,2026-10-08 22:00:00,20.8,4.1,12.4,7.6
ICON_EU,2026-10-08 23:00:00,20.7,4.47,13.9,7.2
ICON2I,2026-10-08 00:00:00,20.7,3.4,5.2,0.0
ICON2I,2026-10-08 01:00:00,21.3,2.7,5.0,0.0
ICON2I,2026-10-08 02:00:00,21.9,4.5,6.5,0.0
ICON2I,2026-10-08 03:00:00,22.0,4.9,7.7,1.9
ICON2I,2026-10-08 04:00:00,20.8,3.5,7.1,2.9
ICON2I,2026-10-08 05:00:00,20.4,4.0,6.5,0.4
ICON2I,2026-10-08 06:00:00,20.5,4.4,6.7,0.9
ICON2I,2026-10-08 07:00:00,20.5,4.1,7.1,1.7
ICON2I,2026-10-08 08:00:00,20.6,4.1,6.1,0.0
ICON2I,2026-10-08 09:00:00,20.7,3.9,5.9,0.0
ICON2I,2026-10-08 10:00:00,20.8,3.3,5.8,0.0
ICON2I,2026-10-08 11:00:00,21.2,3.2,5.5,0.0
ICON2I,2026-10-08 12:00:00,21.5,3.3,4.9,0.0
ICON2I,2026-10-08 13:00:00,21.8,2.9,5.6,0.0
ICON2I,2026-10-08 14:00:00,21.8,2.6,5.2,0.0
ICON2I,2026-10-08 15:00:00,22.0,2.6,3.9,0.0
ICON2I,2026-10-08 16:00:00,22.1,1.8,4.3,0.5
ICON2I,2026-10-08 17:00:00,21.9,1.9,3.2,0.0
ICON2I,2026-10-08 18:00:00,21.7,3.1,4.6,0.0
ICON2I,2026-10-08 19:00:00,22.1,2.7,4.7,0.0
ICON2I,2026-10-08 20:00:00,21.9,5.3,8.0,0.0
ICON2I,2026-10-08 21:00:00,21.7,5.5,8.7,0.0
ICON2I,2026-10-08 22:00:00,21.5,5.7,8.2,0.0
ICON2I,2026-10-08 23:00:00,21.9,5.4,9.7,0.0
KNMI,2026-10-08 00:00:00,20.1,3.3,6.5,0.0
KNMI,2026-10-08 01:00:00,20.6,3.6,7.1,0.0
KNMI,2026-10-08 02:00:00,20.3,2.4,7.1,4.0
KNMI,2026-10-08 03:00:00,18.9,4.0,8.1,1.9
KNMI,2026-10-08 04:00:00,18.8,3.5,9.1,0.4
KNMI,2026-10-08 05:00:00,18.9,4.2,8.3,0.3
KNMI,2026-10-08 06:00:00,18.8,3.7,8.6,0.0
KNMI,2026-10-08 07:00:00,19.0,3.8,8.5,0.0
KNMI,2026-10-08 08:00:00,18.9,4.0,8.2,0.0
KNMI,2026-10-08 09:00:00,19.3,4.1,8.2,8.3
KNMI,2026-10-08 10:00:00,18.4,3.0,8.6,11.7
KNMI,2026-10-08 11:00:00,18.9,2.7,6.8,1.0
KNMI,2026-10-08 12:00:00,18.8,3.1,6.5,0.0
KNMI,2026-10-08 13:00:00,19.0,3.5,7.2,0.0
KNMI,2026-10-08 14:00:00,19.0,3.3,7.2,0.0
KNMI,2026-10-08 15:00:00,19.0,3.5,7.1,0.0
KNMI,2026-10-08 16:00:00,19.1,3.3,7.1,0.3
KNMI,2026-10-08 17:00:00,19.3,3.0,7.0,0.0
KNMI,2026-10-08 18:00:00,19.6,2.9,6.8,0.1
KNMI,2026-10-08 19:00:00,19.8,3.5,7.3,0.0
KNMI,2026-10-08 20:00:00,20.0,3.8,7.9,0.0
KNMI,2026-10-08 21:00:00,20.5,4.3,9.4,0.1
KNMI,2026-10-08 22:00:00,20.0,4.9,10.9,16.9
KNMI,2026-10-08 23:00:00,20.1,3.7,11.3,26.2
METEOFRANCE,2026-10-08 00:00:00,18.8,3.61,5.8,0.0
METEOFRANCE,2026-10-08 01:00:00,19.2,3.83,6.7,0.0
METEOFRANCE,2026-10-08 02:00:00,19.5,3.88,7.1,0.0
METEOFRANCE,2026-10-08 03:00:00,20.5,3.86,7.1,0.0
METEOFRANCE,2026-10-08 04:00:00,20.8,3.8,7.3,0.0
METEOFRANCE,2026-10-08 05:00:00,20.7,3.92,7.6,0.0
METEOFRANCE,2026-10-08 06:00:00,20.4,3.52,7.6,0.0
METEOFRANCE,2026-10-08 07:00:00,20.3,3.2,6.8,0.0
METEOFRANCE,2026-10-08 08:00:00,21.2,3.93,7.6,0.0
METEOFRANCE,2026-10-08 09:00:00,21.7,4.27,8.8,0.0
METEOFRANCE,2026-10-08 10:00:00,21.8,4.54,9.4,0.1
METEOFRANCE,2026-10-08 11:00:00,21.4,4.54,9.5,0.2
METEOFRANCE,2026-10-08 12:00:00,20.8,4.64,9.7,0.4
METEOFRANCE,2026-10-08 13:00:00,20.7,4.85,10.4,0.7
METEOFRANCE,2026-10-08 14:00:00,20.0,4.43,9.9,0.6
METEOFRANCE,2026-10-08 15:00:00,19.7,4.71,9.5,0.9
METEOFRANCE,2026-10-08 16:00:00,20.0,4.13,9.6,1.9
METEOFRANCE,2026-10-08 17:00:00,20.0,4.3,8.5,2.7
METEOFRANCE,2026-10-08 18:00:00,20.2,4.0,8.5,1.2
METEOFRANCE,2026-10-08 19:00:00,20.4,4.01,8.2,0.8
METEOFRANCE,2026-10-08 20:00:00,20.5,3.71,7.8,1.0
METEOFRANCE,2026-10-08 21:00:00,20.6,3.9,7.7,1.8
METEOFRANCE,2026-10-08 22:00:00,20.6,4.16,8.3,4.9
METEOFRANCE,2026-10-08 23:00:00,20.3,4.0,8.3,4.5
UKMO,2026-10-08 00:00:00,18.0,3.3,5.6,0.0
UKMO,2026-10-08 01:00:00,17.7,3.4,6.0,0.0
UKMO,2026-10-08 02:00:00,18.6,3.1,5.5,0.0
UKMO,2026-10-08 03:00:00,18.4,3.1,5.8,0.1
UKMO,2026-10-08 04:00:00,17.5,3.4,6.3,0.4
UKMO,2026-10-08 05:00:00,16.9,3.6,6.6,0.5
UKMO,2026-10-08 06:00:00,16.7,2.1,3.5,0.1
UKMO,2026-10-08 07:00:00,16.7,3.3,5.9,0.2
UKMO,2026-10-08 08:00:00,17.2,3.3,6.0,0.3
UKMO,2026-10-08 09:00:00,17.7,3.4,6.0,0.7
UKMO,2026-10-08 10:00:00,17.3,3.6,6.4,0.7
UKMO,2026-10-08 11:00:00,17.9,2.4,4.3,0.9
UKMO,2026-10-08 12:00:00,17.5,3.4,6.0,0.8
UKMO,2026-10-08 13:00:00,18.2,2.0,4.1,0.9
UKMO,2026-10-08 14:00:00,18.2,2.1,3.9,1.2
UKMO,2026-10-08 15:00:00,19.1,2.1,4.9,2.0
UKMO,2026-10-08 16:00:00,18.7,2.1,4.3,2.7
UKMO,2026-10-08 17:00:00,18.1,2.2,3.6,3.4
UKMO,2026-10-08 18:00:00,18.0,2.2,3.8,5.1
UKMO,2026-10-08 19:00:00,18.0,2.1,3.9,3.0
UKMO,2026-10-08 20:00:00,18.0,2.3,4.1,4.0
UKMO,2026-10-08 21:00:00,18.0,2.3,4.0,10.3
UKMO,2026-10-08 22:00:00,18.1,2.1,3.8,6.1
UKMO,2026-10-08 23:00:00,18.3,2.0,3.6,2.2
