valid,rain_mm,temp_c,readings
2026-10-08 00:00:00,0.0,19.4,12
2026-10-08 01:00:00,0.0,19.7,12
2026-10-08 02:00:00,0.0,20.3,12
2026-10-08 03:00:00,0.25,20.33,12
2026-10-08 04:00:00,1.02,18.27,12
2026-10-08 05:00:00,5.84,17.99,12
2026-10-08 06:00:00,0.0,17.31,12
2026-10-08 07:00:00,0.51,17.26,12
2026-10-08 08:00:00,0.76,17.05,12
2026-10-08 09:00:00,0.25,17.17,5
2026-10-08 10:00:00,0.25,17.32,12
2026-10-08 11:00:00,0.0,17.38,12
2026-10-08 12:00:00,0.0,17.31,12
2026-10-08 13:00:00,0.76,18.49,12
2026-10-08 14:00:00,1.52,19.01,12
2026-10-08 15:00:00,0.25,18.41,12
2026-10-08 16:00:00,1.52,18.57,12
2026-10-08 17:00:00,0.0,18.41,12
2026-10-08 18:00:00,1.27,18.56,12
2026-10-08 19:00:00,6.35,18.78,12
2026-10-08 20:00:00,0.0,19.0,12
2026-10-08 21:00:00,0.0,19.35,12
2026-10-08 22:00:00,0.0,19.54,12
2026-10-08 23:00:00,0.0,19.18,12
