issued,commit,source,valid,lead_h,precipitation,pop,precipitation_raw,icon2i_seen,temperature,wind,gusts,weather
2026-10-06 03:28:44,b18bc44,GitHub Actions,2026-10-08 00:00:00,44.5,0.0,0.008,0.06,0.0,18.68,0.64,1.44,Pretezno vedro
2026-10-06 03:28:44,b18bc44,GitHub Actions,2026-10-08 01:00:00,45.5,0.0,0.021,0.05,0.0,18.91,0.61,1.47,Djelimicno oblacno
2026-10-06 03:28:44,b18bc44,GitHub Actions,2026-10-08 02:00:00,46.5,0.0,0.038,0.03,0.0,19.17,0.58,1.48,Oblacno
2026-10-06 14:19:55,253c304,GitHub Actions,2026-10-08 00:00:00,33.7,0.0,0.072,0.17,0.0,18.68,0.6,1.44,Pretezno vedro
2026-10-06 14:19:55,253c304,GitHub Actions,2026-10-08 01:00:00,34.7,0.0,0.162,0.45,0.0,18.8,0.5,1.56,Djelimicno oblacno
2026-10-06 14:19:55,253c304,GitHub Actions,2026-10-08 02:00:00,35.7,0.81,0.282,0.43,0.0,19.0,0.54,1.55,Sitna kisa
2026-10-06 14:19:55,253c304,GitHub Actions,2026-10-08 03:00:00,36.7,0.71,0.414,0.39,0.8,19.11,0.53,1.48,Sitna kisa
2026-10-06 14:19:55,253c304,GitHub Actions,2026-10-08 04:00:00,37.7,0.72,0.516,0.38,0.4,19.05,0.54,1.57,Sitna kisa
2026-10-06 14:19:55,253c304,GitHub Actions,2026-10-08 05:00:00,38.7,1.11,0.345,0.98,0.0,19.11,0.52,1.87,Slaba kisa
2026-10-06 14:19:55,253c304,GitHub Actions,2026-10-08 06:00:00,39.7,1.13,0.469,1.12,0.1,19.23,0.67,1.74,Slaba kisa
2026-10-06 14:19:55,253c304,GitHub Actions,2026-10-08 07:00:00,40.7,1.21,0.568,0.64,0.3,19.01,0.66,1.8,Sitna kisa
2026-10-06 14:19:55,253c304,GitHub Actions,2026-10-08 08:00:00,41.7,2.15,0.603,2.0,1.2,19.2,0.69,2.44,Slaba kisa
2026-10-06 14:19:55,253c304,GitHub Actions,2026-10-08 09:00:00,42.7,2.6,0.521,3.46,15.7,20.16,0.94,3.23,Grmljavina
2026-10-06 14:19:55,253c304,GitHub Actions,2026-10-08 10:00:00,43.7,2.88,0.475,3.06,9.5,20.35,1.2,3.27,Grmljavina
2026-10-06 14:19:55,253c304,GitHub Actions,2026-10-08 11:00:00,44.7,1.85,0.307,2.19,0.0,20.38,1.16,3.14,Grmljavina
2026-10-06 14:19:55,253c304,GitHub Actions,2026-10-08 12:00:00,45.7,1.73,0.246,2.39,0.0,20.47,1.09,3.23,Grmljavina
2026-10-06 14:19:55,253c304,GitHub Actions,2026-10-08 13:00:00,46.7,1.11,0.252,1.92,0.0,20.28,1.33,3.11,Grmljavina
2026-10-06 22:34:57,370d592,GitHub Actions,2026-10-08 00:00:00,25.4,0.0,0.01,0.22,0.0,19.13,0.53,1.43,Djelimicno oblacno
2026-10-06 22:34:57,370d592,GitHub Actions,2026-10-08 01:00:00,26.4,0.0,0.053,0.32,0.0,19.47,0.52,1.5,Oblacno
2026-10-06 22:34:57,370d592,GitHub Actions,2026-10-08 02:00:00,27.4,0.0,0.198,0.23,0.0,19.37,0.51,1.5,Oblacno
2026-10-06 22:34:57,370d592,GitHub Actions,2026-10-08 03:00:00,28.4,0.69,0.344,0.44,1.7,19.66,0.5,1.45,Sitna kisa
2026-10-06 22:34:57,370d592,GitHub Actions,2026-10-08 04:00:00,29.4,0.8,0.538,0.44,0.6,19.53,1.5,3.02,Sitna kisa
2026-10-06 22:34:57,370d592,GitHub Actions,2026-10-08 05:00:00,30.4,1.26,0.59,1.18,2.9,19.3,4.0,7.12,Slaba kisa
2026-10-06 22:34:57,370d592,GitHub Actions,2026-10-08 06:00:00,31.4,0.86,0.442,0.61,0.0,19.1,1.7,3.2,Sitna kisa
2026-10-06 22:34:57,370d592,GitHub Actions,2026-10-08 07:00:00,32.4,0.95,0.437,0.67,0.0,19.13,0.58,1.75,Sitna kisa
2026-10-06 22:34:57,370d592,GitHub Actions,2026-10-08 08:00:00,33.4,0.9,0.392,1.63,0.0,19.18,0.7,2.14,"Sitna kisa, umjerena"
2026-10-06 22:34:57,370d592,GitHub Actions,2026-10-08 09:00:00,34.4,0.98,0.48,1.34,0.0,19.71,1.81,4.48,Grmljavina
2026-10-06 22:34:57,370d592,GitHub Actions,2026-10-08 10:00:00,35.4,1.45,0.599,1.39,2.9,19.87,4.0,7.63,Grmljavina
2026-10-06 22:34:57,370d592,GitHub Actions,2026-10-08 11:00:00,36.4,2.05,0.659,1.94,3.5,19.91,4.0,8.05,Grmljavina
2026-10-06 22:34:57,370d592,GitHub Actions,2026-10-08 12:00:00,37.4,1.64,0.636,1.14,0.3,19.96,2.14,4.48,Grmljavina
2026-10-06 22:34:57,370d592,GitHub Actions,2026-10-08 13:00:00,38.4,1.46,0.374,1.3,0.0,20.07,1.21,2.8,Grmljavina
2026-10-06 22:34:57,370d592,GitHub Actions,2026-10-08 14:00:00,39.4,1.67,0.341,2.05,0.0,20.1,1.05,2.7,Grmljavina
2026-10-06 22:34:57,370d592,GitHub Actions,2026-10-08 15:00:00,40.4,0.0,0.194,2.13,0.0,20.48,0.94,2.35,Oblacno
2026-10-06 22:34:57,370d592,GitHub Actions,2026-10-08 16:00:00,41.4,0.0,0.178,2.39,0.0,20.57,0.89,2.44,Oblacno
2026-10-06 22:34:57,370d592,GitHub Actions,2026-10-08 17:00:00,42.4,0.0,0.142,2.09,0.0,20.02,0.91,2.46,Oblacno
2026-10-06 22:34:57,370d592,GitHub Actions,2026-10-08 18:00:00,43.4,0.0,0.115,2.05,0.0,19.71,0.94,2.61,Oblacno
2026-10-06 22:34:57,370d592,GitHub Actions,2026-10-08 19:00:00,44.4,1.79,0.307,2.25,0.0,20.02,0.98,2.47,Grmljavina
2026-10-06 22:34:57,370d592,GitHub Actions,2026-10-08 20:00:00,45.4,3.19,0.544,1.77,0.3,20.05,2.03,4.12,Grmljavina
2026-10-06 22:34:57,370d592,GitHub Actions,2026-10-08 21:00:00,46.4,3.61,0.634,6.08,3.6,19.96,4.0,8.12,Grmljavina
2026-10-07 08:19:20,d7e70db,GitHub Actions,2026-10-08 00:00:00,15.7,0.0,0.01,0.0,0.0,18.82,0.51,1.37,Djelimicno oblacno
2026-10-07 08:19:20,d7e70db,GitHub Actions,2026-10-08 01:00:00,16.7,0.0,0.019,0.04,0.0,19.4,0.51,1.49,Djelimicno oblacno
2026-10-07 08:19:20,d7e70db,GitHub Actions,2026-10-08 02:00:00,17.7,0.0,0.08,0.23,0.0,19.33,0.5,1.53,Oblacno
2026-10-07 08:19:20,d7e70db,GitHub Actions,2026-10-08 03:00:00,18.7,0.0,0.251,1.59,0.0,19.35,0.54,1.71,Oblacno
2026-10-07 08:19:20,d7e70db,GitHub Actions,2026-10-08 04:00:00,19.7,0.89,0.467,0.3,0.0,19.06,1.59,3.04,Sitna kisa
2026-10-07 08:19:20,d7e70db,GitHub Actions,2026-10-08 05:00:00,20.7,1.75,0.58,1.9,5.4,19.27,4.0,7.98,Slaba kisa
2026-10-07 08:19:20,d7e70db,GitHub Actions,2026-10-08 06:00:00,21.7,1.63,0.67,2.01,0.8,19.2,1.7,3.52,Sitna kisa
2026-10-07 08:19:20,d7e70db,GitHub Actions,2026-10-08 07:00:00,22.7,1.49,0.531,1.5,4.4,19.12,4.0,7.0,Slaba kisa
2026-10-07 08:19:20,d7e70db,GitHub Actions,2026-10-08 08:00:00,23.7,1.09,0.74,1.06,0.1,19.11,1.63,3.37,Sitna kisa
2026-10-07 08:19:20,d7e70db,GitHub Actions,2026-10-08 09:00:00,24.7,1.04,0.539,1.69,0.0,19.92,0.65,2.84,"Sitna kisa, umjerena"
2026-10-07 08:19:20,d7e70db,GitHub Actions,2026-10-08 10:00:00,25.7,1.38,0.755,1.51,0.6,19.99,0.94,2.8,Grmljavina
2026-10-07 08:19:20,d7e70db,GitHub Actions,2026-10-08 11:00:00,26.7,1.7,0.459,1.42,0.0,20.05,1.03,2.93,Grmljavina
2026-10-07 08:19:20,d7e70db,GitHub Actions,2026-10-08 12:00:00,27.7,0.0,0.209,1.31,0.0,19.98,1.21,3.06,Oblacno
2026-10-07 08:19:20,d7e70db,GitHub Actions,2026-10-08 13:00:00,28.7,1.68,0.219,1.71,0.0,20.02,1.16,3.11,Grmljavina
2026-10-07 08:19:20,d7e70db,GitHub Actions,2026-10-08 14:00:00,29.7,2.11,0.275,2.09,0.0,20.07,1.14,3.1,Grmljavina
2026-10-07 08:19:20,d7e70db,GitHub Actions,2026-10-08 15:00:00,30.7,2.07,0.232,1.81,0.1,20.35,1.15,2.58,Grmljavina
2026-10-07 08:19:20,d7e70db,GitHub Actions,2026-10-08 16:00:00,31.7,0.0,0.172,2.11,0.0,20.49,1.0,2.78,Oblacno
2026-10-07 08:19:20,d7e70db,GitHub Actions,2026-10-08 17:00:00,32.7,1.76,0.231,2.47,0.0,20.3,1.03,2.84,Grmljavina
2026-10-07 08:19:20,d7e70db,GitHub Actions,2026-10-08 18:00:00,33.7,0.0,0.096,3.52,0.0,20.24,1.12,3.02,Oblacno
2026-10-07 08:19:20,d7e70db,GitHub Actions,2026-10-08 19:00:00,34.7,3.78,0.226,4.27,0.0,20.3,1.32,3.32,Grmljavina
2026-10-07 08:19:20,d7e70db,GitHub Actions,2026-10-08 20:00:00,35.7,4.14,0.306,9.32,0.0,20.25,1.39,2.8,Grmljavina
2026-10-07 08:19:20,d7e70db,GitHub Actions,2026-10-08 21:00:00,36.7,4.85,0.534,4.98,0.0,19.47,0.91,2.97,Grmljavina
2026-10-07 08:19:20,d7e70db,GitHub Actions,2026-10-08 22:00:00,37.7,1.09,0.518,3.19,0.0,19.38,1.2,2.75,Grmljavina
2026-10-07 08:19:20,d7e70db,GitHub Actions,2026-10-08 23:00:00,38.7,0.0,0.166,4.0,0.0,19.3,1.07,3.06,Oblacno
2026-10-07 11:06:08,065e6f7,local run,2026-10-08 00:00:00,12.9,0.0,0.019,0.02,0.0,18.42,0.58,1.45,Djelimicno oblacno
2026-10-07 11:06:08,065e6f7,local run,2026-10-08 01:00:00,13.9,0.0,0.042,0.02,0.0,18.76,0.56,1.42,Djelimicno oblacno
2026-10-07 11:06:08,065e6f7,local run,2026-10-08 02:00:00,14.9,0.0,0.087,0.13,0.0,19.01,0.5,1.48,Oblacno
2026-10-07 11:06:08,065e6f7,local run,2026-10-08 03:00:00,15.9,0.0,0.212,0.58,0.0,19.22,0.59,1.45,Oblacno
2026-10-07 11:06:08,065e6f7,local run,2026-10-08 04:00:00,16.9,0.8,0.454,0.53,0.0,19.17,1.52,2.89,Sitna kisa
2026-10-07 11:06:08,065e6f7,local run,2026-10-08 05:00:00,17.9,1.21,0.719,1.1,5.4,19.26,4.0,7.48,Slaba kisa
2026-10-07 11:06:08,065e6f7,local run,2026-10-08 06:00:00,18.9,0.99,0.821,0.58,0.8,19.09,1.53,3.19,Sitna kisa
2026-10-07 11:06:08,065e6f7,local run,2026-10-08 07:00:00,19.9,1.88,0.777,1.71,4.4,19.53,4.0,7.09,Slaba kisa
2026-10-07 11:06:08,065e6f7,local run,2026-10-08 08:00:00,20.9,1.45,0.799,1.75,0.1,19.26,1.6,3.26,Sitna kisa
2026-10-07 11:06:08,065e6f7,local run,2026-10-08 09:00:00,21.9,1.24,0.626,2.12,0.0,19.89,0.61,2.58,Grmljavina
2026-10-07 11:06:08,065e6f7,local run,2026-10-08 10:00:00,22.9,1.45,0.706,1.09,0.6,20.25,0.94,2.61,Sitna kisa
2026-10-07 11:06:08,065e6f7,local run,2026-10-08 11:00:00,23.9,1.77,0.577,1.79,0.0,20.11,0.85,3.11,Grmljavina
2026-10-07 11:06:08,065e6f7,local run,2026-10-08 12:00:00,24.9,0.0,0.362,1.92,0.0,20.21,1.11,3.21,Oblacno
2026-10-07 11:06:08,065e6f7,local run,2026-10-08 13:00:00,25.9,0.0,0.307,2.19,0.0,20.27,1.23,3.29,Oblacno
2026-10-07 11:06:08,065e6f7,local run,2026-10-08 14:00:00,26.9,0.0,0.336,2.05,0.0,20.32,1.27,2.91,Oblacno
2026-10-07 11:06:08,065e6f7,local run,2026-10-08 15:00:00,27.9,2.02,0.416,1.72,0.1,20.61,1.0,2.43,Grmljavina
2026-10-07 11:06:08,065e6f7,local run,2026-10-08 16:00:00,28.9,1.81,0.494,2.47,0.0,20.57,0.88,2.51,Grmljavina
2026-10-07 11:06:08,065e6f7,local run,2026-10-08 17:00:00,29.9,1.72,0.447,3.12,0.0,20.18,0.97,2.98,Grmljavina
2026-10-07 11:06:08,065e6f7,local run,2026-10-08 18:00:00,30.9,0.0,0.373,3.41,0.0,20.23,1.26,3.03,Oblacno
2026-10-07 11:06:08,065e6f7,local run,2026-10-08 19:00:00,31.9,1.75,0.404,2.88,0.0,20.66,1.33,3.17,Grmljavina
2026-10-07 11:06:08,065e6f7,local run,2026-10-08 20:00:00,32.9,3.88,0.479,4.17,0.0,20.63,1.37,3.18,Grmljavina
2026-10-07 11:06:08,065e6f7,local run,2026-10-08 21:00:00,33.9,5.09,0.6,8.02,0.0,20.0,1.3,3.26,Grmljavina
2026-10-07 11:06:08,065e6f7,local run,2026-10-08 22:00:00,34.9,5.55,0.645,8.15,0.0,19.91,1.28,2.76,Grmljavina
2026-10-07 11:06:08,065e6f7,local run,2026-10-08 23:00:00,35.9,4.74,0.537,4.84,0.0,19.43,1.03,2.98,Grmljavina
2026-10-07 19:40:17,68e002f,local run,2026-10-08 00:00:00,4.3,0.0,0.009,0.0,0.0,18.62,0.68,1.49,Pretezno vedro
2026-10-07 19:40:17,68e002f,local run,2026-10-08 01:00:00,5.3,0.0,0.024,0.0,0.0,18.96,0.62,1.53,Djelimicno oblacno
2026-10-07 19:40:17,68e002f,local run,2026-10-08 02:00:00,6.3,0.0,0.067,0.76,0.0,19.52,0.57,1.61,Oblacno
2026-10-07 19:40:17,68e002f,local run,2026-10-08 03:00:00,7.3,1.13,0.359,0.77,1.9,19.63,0.67,1.63,Slaba kisa
2026-10-07 19:40:17,68e002f,local run,2026-10-08 04:00:00,8.3,1.17,0.596,0.79,2.9,19.32,0.57,1.58,Sitna kisa
2026-10-07 19:40:17,68e002f,local run,2026-10-08 05:00:00,9.3,1.21,0.533,0.41,0.4,19.21,0.63,1.66,Slaba kisa
2026-10-07 19:40:17,68e002f,local run,2026-10-08 06:00:00,10.3,1.09,0.467,0.84,0.9,18.97,0.62,1.8,Slaba kisa
2026-10-07 19:40:17,68e002f,local run,2026-10-08 07:00:00,11.3,1.34,0.441,1.28,1.7,19.29,0.63,1.78,Slaba kisa
2026-10-07 19:40:17,68e002f,local run,2026-10-08 08:00:00,12.3,1.37,0.361,0.77,0.0,19.31,0.65,1.92,Slaba kisa
2026-10-07 19:40:17,68e002f,local run,2026-10-08 09:00:00,13.3,1.67,0.388,1.99,0.0,20.27,0.81,2.49,Slaba kisa
2026-10-07 19:40:17,68e002f,local run,2026-10-08 10:00:00,14.3,2.74,0.405,2.52,0.0,20.09,0.93,2.57,Sitna kisa
2026-10-07 19:40:17,68e002f,local run,2026-10-08 11:00:00,15.3,0.0,0.282,1.42,0.0,20.12,0.89,2.75,Oblacno
2026-10-07 19:40:17,68e002f,local run,2026-10-08 12:00:00,16.3,0.0,0.309,1.23,0.0,20.18,1.07,2.7,Djelimicno oblacno
2026-10-07 19:40:17,68e002f,local run,2026-10-08 13:00:00,17.3,0.0,0.223,1.64,0.0,20.3,1.05,2.81,Oblacno
2026-10-07 19:40:17,68e002f,local run,2026-10-08 14:00:00,18.3,0.0,0.277,1.59,0.0,20.27,1.01,2.54,Djelimicno oblacno
2026-10-07 19:40:17,68e002f,local run,2026-10-08 15:00:00,19.3,1.3,0.599,1.37,0.0,20.78,0.89,2.09,Grmljavina
2026-10-07 19:40:17,68e002f,local run,2026-10-08 16:00:00,20.3,1.33,0.663,1.54,0.5,20.61,0.75,2.09,Grmljavina
2026-10-07 19:40:17,68e002f,local run,2026-10-08 17:00:00,21.3,1.47,0.592,1.76,0.0,20.2,0.76,2.37,Umjerena kisa
2026-10-07 19:40:17,68e002f,local run,2026-10-08 18:00:00,22.3,0.0,0.316,1.73,0.0,19.98,0.85,2.46,Oblacno
2026-10-07 19:40:17,68e002f,local run,2026-10-08 19:00:00,23.3,0.0,0.207,1.37,0.0,20.43,0.93,2.59,Oblacno
2026-10-07 19:40:17,68e002f,local run,2026-10-08 20:00:00,24.3,0.0,0.343,2.26,0.0,20.5,1.0,2.74,Oblacno
2026-10-07 19:40:17,68e002f,local run,2026-10-08 21:00:00,25.3,0.0,0.268,4.14,0.0,20.58,1.21,2.89,Oblacno
2026-10-07 19:40:17,68e002f,local run,2026-10-08 22:00:00,26.3,4.35,0.549,6.44,0.0,20.42,1.32,2.61,Grmljavina
2026-10-07 19:40:17,68e002f,local run,2026-10-08 23:00:00,27.3,4.27,0.533,7.77,0.0,20.01,1.08,2.51,Grmljavina
